Site,Date,probe,soil_moisture,temp_C
L001,12/29/14 13:46,5TM Moisture/Temp,0.395 m³/m³,10.7 °C
L001,1/5/15 14:43,5TM Moisture/Temp,0.395 m³/m³,9.1 °C
L001,1/12/15 12:39,5TM Moisture/Temp,0.398 m³/m³,9.0 °C
L001,1/20/15 13:28,5TM Moisture/Temp,0.408 m³/m³,9.1 °C
L001,1/26/15 11:46,5TM Moisture/Temp,0.409 m³/m³,9.2 °C
L001,2/2/15 11:56,5TM Moisture/Temp,0.410 m³/m³,9.5 °C
L001,2/10/15 13:23,5TM Moisture/Temp,0.417 m³/m³,10.1 °C
L001,2/17/15 11:26,5TM Moisture/Temp,0.415 m³/m³,10.3 °C
L001,2/23/15 12:04,5TM Moisture/Temp,0.414 m³/m³,10.2 °C
L001,3/2/15 11:50,5TM Moisture/Temp,0.412 m³/m³,9.9 °C
L001,3/9/15 12:20,5TM Moisture/Temp,0.412 m³/m³,9.8 °C
L001,3/16/15 11:44,5TM Moisture/Temp,0.420 m³/m³,10.7 °C
L001,3/23/15 11:23,5TM Moisture/Temp,0.426 m³/m³,11.2 °C
L001,3/30/15 11:04,5TM Moisture/Temp,0.421 m³/m³,11.8 °C
L001,4/6/15 12:06,5TM Moisture/Temp,0.421 m³/m³,11.9 °C
L001,4/13/15 12:32,5TM Moisture/Temp,0.420 m³/m³,11.8 °C
L001,4/20/15 11:05,5TM Moisture/Temp,0.419 m³/m³,12.2 °C
L001,4/27/15 9:14,5TM Moisture/Temp,0.420 m³/m³,13.1 °C
L001,5/4/15 11:28,5TM Moisture/Temp,0.419 m³/m³,14.0 °C
L001,5/11/15 11:13,5TM Moisture/Temp,0.421 m³/m³,15.1 °C
L001,5/18/15 11:07,5TM Moisture/Temp,0.418 m³/m³,15.4 °C
L001,5/26/15 10:21,5TM Moisture/Temp,0.418 m³/m³,16.3 °C
L001,6/8/15 11:24,5TM Moisture/Temp,0.423 m³/m³,18.4 °C
L001,6/15/15 12:52,5TM Moisture/Temp,0.425 m³/m³,20.3 °C
L001,6/22/15 10:37,5TM Moisture/Temp,0.427 m³/m³,21.2 °C
L001,6/29/15 10:31,5TM Moisture/Temp,0.429 m³/m³,22.4 °C
L001,7/6/15 10:36,5TM Moisture/Temp,0.431 m³/m³,23.7 °C
L001,7/13/15 10:42,5TM Moisture/Temp,0.429 m³/m³,24.1 °C
L001,7/16/15 9:12,5TM Moisture/Temp,0.428 m³/m³,24.0 °C
L001,7/27/15 9:22,5TM Moisture/Temp,0.422 m³/m³,24.6 °C
L001,8/3/15 10:11,5TM Moisture/Temp,0.416 m³/m³,24.9 °C
L001,8/10/15 10:33,5TM Moisture/Temp,0.411 m³/m³,24.9 °C
L001,8/17/15 10:22,5TM Moisture/Temp,0.400 m³/m³,24.7 °C
L001,8/24/15 9:50,5TM Moisture/Temp,0.379 m³/m³,24.7 °C
L001,8/31/15 10:00,5TM Moisture/Temp,0.375 m³/m³,24.2 °C
L001,9/8/15 10:55,5TM Moisture/Temp,0.370 m³/m³,22.6 °C
L001,9/14/15 10:05,5TM Moisture/Temp,0.365 m³/m³,22.5 °C
L001,9/21/15 8:09,5TM Moisture/Temp,0.363 m³/m³,21.6 °C
L001,9/28/15 11:02,5TM Moisture/Temp,0.359 m³/m³,21.1 °C
L001,10/5/15 12:52,5TM Moisture/Temp,0.352 m³/m³,20.5 °C
L001,10/13/15 13:15,5TM Moisture/Temp,0.344 m³/m³,20.0 °C
L001,10/19/15 11:35,5TM Moisture/Temp,0.340 m³/m³,19.2 °C
L001,10/26/15 11:04,5TM Moisture/Temp,0.340 m³/m³,18.1 °C
L001,11/3/15 13:52,5TM Moisture/Temp,0.364 m³/m³,17.1 °C
L001,11/9/15 12:15,5TM Moisture/Temp,0.355 m³/m³,15.8 °C
L001,11/13/15 11:41,5TM Moisture/Temp,0.352 m³/m³,15.0 °C
L001,11/28/15 13:52,5TM Moisture/Temp,0.361 m³/m³,12.3 °C
L001,12/7/15 13:16,5TM Moisture/Temp,0.392 m³/m³,10.3 °C
L001,12/14/15 14:10,5TM Moisture/Temp,0.395 m³/m³,10.8 °C
L001,12/21/15 13:05,5TM Moisture/Temp,0.400 m³/m³,9.9 °C
L001,12/28/15 12:01,5TM Moisture/Temp,0.407 m³/m³,9.2 °C
L001,1/5/16 16:54,5TM Moisture/Temp,0.406 m³/m³,7.9 °C
L001,1/11/16 12:50,5TM Moisture/Temp,0.411 m³/m³,7.5 °C
L001,1/19/16 12:32,5TM Moisture/Temp,0.421 m³/m³,7.8 °C
L001,1/25/16 11:38,5TM Moisture/Temp,0.419 m³/m³,8.3 °C
L001,2/1/16 12:20,5TM Moisture/Temp,0.420 m³/m³,9.0 °C
L001,2/8/16 14:00,5TM Moisture/Temp,0.421 m³/m³,8.7 °C
L001,2/16/16 12:28,5TM Moisture/Temp,0.425 m³/m³,9.3 °C
L001,2/22/16 3:09,5TM Moisture/Temp,0.426 m³/m³,9.6 °C
L001,2/29/16 2:55,5TM Moisture/Temp,0.424 m³/m³,9.7 °C
L001,3/7/16 4:08,5TM Moisture/Temp,0.432 m³/m³,10.0 °C
L001,3/14/16 4:12,5TM Moisture/Temp,0.434 m³/m³,8.5 °C
L001,3/21/16 2:29,5TM Moisture/Temp,0.434 m³/m³,10.0 °C
L001,3/28/16 12:05,5TM Moisture/Temp,0.432 m³/m³,10.6 °C
L001,4/4/16 12:31,5TM Moisture/Temp,0.430 m³/m³,11.4 °C
L001,4/11/16 11:40,5TM Moisture/Temp,0.429 m³/m³,12.5 °C
L001,4/18/16 11:14,5TM Moisture/Temp,0.433 m³/m³,12.8 °C
L001,5/2/16 12:27,5TM Moisture/Temp,0.435 m³/m³,14.1 °C
L001,5/9/16 11:21,5TM Moisture/Temp,0.435 m³/m³,15.4 °C
L001,5/16/16 10:58,5TM Moisture/Temp,0.441 m³/m³,17.0 °C
L001,5/23/16 11:03,5TM Moisture/Temp,0.437 m³/m³,16.8 °C
L001,5/31/16 13:38,5TM Moisture/Temp,0.420 m³/m³,17.1 °C
L001,6/6/16 12:26,5TM Moisture/Temp,0.413 m³/m³,18.6 °C
L001,6/13/16 1:05,5TM Moisture/Temp,0.410 m³/m³,19.9 °C
L001,6/20/16 0:06,5TM Moisture/Temp,0.407 m³/m³,19.4 °C
L001,6/27/16 1:24,5TM Moisture/Temp,0.402 m³/m³,20.0 °C
L001,7/4/16 23:47,5TM Moisture/Temp,0.398 m³/m³,21.7 °C
L001,7/11/16 0:11,5TM Moisture/Temp,0.395 m³/m³,22.0 °C
L001,7/17/16 23:34,5TM Moisture/Temp,0.387 m³/m³,21.8 °C
L001,7/24/16 23:40,5TM Moisture/Temp,0.382 m³/m³,22.3 °C
L001,8/1/16 23:05,5TM Moisture/Temp,0.377 m³/m³,23.6 °C
L001,8/9/16 0:50,5TM Moisture/Temp,0.372 m³/m³,24.0 °C
L001,8/15/16 23:02,5TM Moisture/Temp,0.364 m³/m³,23.9 °C
L001,8/22/16 23:20,5TM Moisture/Temp,0.358 m³/m³,24.6 °C
L001,8/29/16 23:47,5TM Moisture/Temp,0.351 m³/m³,24.6 °C
L001,9/7/16 0:27,5TM Moisture/Temp,0.346 m³/m³,23.4 °C
L001,9/13/16 0:01,5TM Moisture/Temp,0.341 m³/m³,22.7 °C
L001,9/19/16 23:07,5TM Moisture/Temp,0.336 m³/m³,22.0 °C
L001,10/3/16 23:35,5TM Moisture/Temp,0.331 m³/m³,20.2 °C
L001,10/10/16 23:39,5TM Moisture/Temp,0.330 m³/m³,18.7 °C
L001,10/17/16 6:50,5TM Moisture/Temp,0.410 m³/m³,17.5 °C
L001,10/24/16 6:37,5TM Moisture/Temp,0.410 m³/m³,16.2 °C
L001,10/31/16 8:14,5TM Moisture/Temp,0.428 m³/m³,15.6 °C
L001,11/7/16 8:29,5TM Moisture/Temp,0.428 m³/m³,15.0 °C
L001,11/14/16 7:54,5TM Moisture/Temp,0.424 m³/m³,14.7 °C
L001,11/21/16 7:30,5TM Moisture/Temp,0.435 m³/m³,13.9 °C
L001,11/28/16 8:19,5TM Moisture/Temp,0.433 m³/m³,12.7 °C
L001,12/5/16 8:33,5TM Moisture/Temp,0.435 m³/m³,11.8 °C
L001,12/19/16 7:44,5TM Moisture/Temp,0.428 m³/m³,8.6 °C
L001,1/3/17 7:29,5TM Moisture/Temp,0.428 m³/m³,7.4 °C
L001,1/9/17 9:51,5TM Moisture/Temp,0.430 m³/m³,6.4 °C
L001,1/17/17 7:45,5TM Moisture/Temp,0.421 m³/m³,5.5 °C
L001,1/23/17 7:23,5TM Moisture/Temp,0.426 m³/m³,5.8 °C
L001,1/30/17 6:58,5TM Moisture/Temp,0.424 m³/m³,6.2 °C
L001,2/6/17 8:49,5TM Moisture/Temp,0.430 m³/m³,6.3 °C
L001,2/13/17 8:30,5TM Moisture/Temp,0.426 m³/m³,7.0 °C
L001,2/27/17 8:11,5TM Moisture/Temp,0.432 m³/m³,7.6 °C
L001,3/6/17 13:25,5TM Moisture/Temp,0.433 m³/m³,7.4 °C
L001,3/13/17 11:59,5TM Moisture/Temp,0.428 m³/m³,7.9 °C
L001,3/20/17 11:15,5TM Moisture/Temp,0.433 m³/m³,9.0 °C
L001,3/27/17 11:17,5TM Moisture/Temp,0.437 m³/m³,9.4 °C
L001,4/3/17 11:21,5TM Moisture/Temp,0.433 m³/m³,9.9 °C
L001,4/10/17 11:03,5TM Moisture/Temp,0.434 m³/m³,10.4 °C
L001,4/17/17 10:04,5TM Moisture/Temp,0.432 m³/m³,10.4 °C
L001,4/24/17 11:33,5TM Moisture/Temp,0.434 m³/m³,11.0 °C
L001,5/1/17 12:44,5TM Moisture/Temp,0.434 m³/m³,11.3 °C
L001,5/8/17 12:10,5TM Moisture/Temp,0.434 m³/m³,12.5 °C
L001,5/15/17 11:30,5TM Moisture/Temp,0.432 m³/m³,13.2 °C
L001,5/22/17 11:24,5TM Moisture/Temp,0.411 m³/m³,13.5 °C
L001,5/30/17 11:56,5TM Moisture/Temp,0.410 m³/m³,15.8 °C
L001,6/5/17 12:27,5TM Moisture/Temp,0.408 m³/m³,16.7 °C
L001,6/12/17 12:06,5TM Moisture/Temp,0.404 m³/m³,17.0 °C
L001,6/19/17 10:38,5TM Moisture/Temp,0.400 m³/m³,16.3 °C
L001,6/26/17 11:07,5TM Moisture/Temp,0.392 m³/m³,18.0 °C
L001,7/3/17 11:26,5TM Moisture/Temp,0.380 m³/m³,19.2 °C
L001,7/10/17 11:32,5TM Moisture/Temp,0.375 m³/m³,20.3 °C
L001,7/17/17 11:54,5TM Moisture/Temp,0.373 m³/m³,21.4 °C
L001,7/24/17 10:57,5TM Moisture/Temp,0.371 m³/m³,21.9 °C
L001,7/31/17 12:42,5TM Moisture/Temp,0.367 m³/m³,22.9 °C
L001,8/7/17 12:58,5TM Moisture/Temp,0.363 m³/m³,23.9 °C
L001,8/14/17 10:33,5TM Moisture/Temp,0.359 m³/m³,24.2 °C
L001,8/22/2017 11:33 AM,5TM Moisture/Temp,0.355 m³/m³,23.7 °C
L001,8/28/2017 11:11 AM,5TM Moisture/Temp,0.348 m³/m³,23.5 °C
L001,9/5/2017 11:45 AM,5TM Moisture/Temp,0.345 m³/m³,23.5 °C
L001,9/11/2017 12:04 PM,5TM Moisture/Temp,0.344 m³/m³,23.1 °C
L001,9/18/2017 11:07 AM,5TM Moisture/Temp,0.341 m³/m³,22.7 °C
L001,10/2/2017 11:11 AM,5TM Moisture/Temp,0.335 m³/m³,19.8 °C
L001,10/10/2017 12:51 PM,5TM Moisture/Temp,0.332 m³/m³,18.3 °C
L001,10/16/2017 11:47 AM,5TM Moisture/Temp,0.331 m³/m³,16.8 °C
L001,10/23/2017 12:21 PM,5TM Moisture/Temp,0.378 m³/m³,15.7 °C
L001,10/30/2017 2:14 AM,5TM Moisture/Temp,0.368 m³/m³,15.3 °C
L001,11/6/2017 3:06 AM,5TM Moisture/Temp,0.365 m³/m³,14.3 °C
L001,11/13/2017 3:04 AM,5TM Moisture/Temp,0.410 m³/m³,12.9 °C
L001,11/13/2017 7:25 AM,5TM Moisture/Temp,0.412 m³/m³,12.0 °C
L001,11/20/2017 7:44 AM,5TM Moisture/Temp,0.418 m³/m³,12.0 °C
L001,11/27/2017 8:13 AM,5TM Moisture/Temp,0.419 m³/m³,11.2 °C
L001,12/4/2017 8:00 AM,5TM Moisture/Temp,0.412 m³/m³,9.7 °C
L001,12/11/2017 6:31 AM,5TM Moisture/Temp,0.407 m³/m³,8.1 °C
L002,12/8/14 10:54,5TM Moisture/Temp,0.345 m³/m³,10.3 °C
L002,12/22/14 9:58,5TM Moisture/Temp,0.360 m³/m³,10.0 °C
L002,12/29/14 11:46,5TM Moisture/Temp,0.424 m³/m³,10.5 °C
L002,1/5/15 11:10,5TM Moisture/Temp,0.379 m³/m³,9.2 °C
L002,1/12/15 10:33,5TM Moisture/Temp,0.375 m³/m³,8.8 °C
L002,1/20/15 10:45,5TM Moisture/Temp,0.381 m³/m³,9.0 °C
L002,1/26/15 10:32,5TM Moisture/Temp,0.379 m³/m³,9.2 °C
L002,2/2/15 10:25,5TM Moisture/Temp,0.378 m³/m³,9.5 °C
L002,2/10/15 10:15,5TM Moisture/Temp,0.389 m³/m³,10.0 °C
L002,2/17/15 9:30,5TM Moisture/Temp,0.387 m³/m³,10.3 °C
L002,2/23/15 10:10,5TM Moisture/Temp,0.385 m³/m³,10.0 °C
L002,3/2/15 9:53,5TM Moisture/Temp,0.378 m³/m³,9.7 °C
L002,3/9/15 9:43,5TM Moisture/Temp,0.375 m³/m³,9.6 °C
L002,3/16/15 9:02,5TM Moisture/Temp,0.379 m³/m³,10.2 °C
L002,3/23/15 9:33,5TM Moisture/Temp,0.383 m³/m³,10.7 °C
L002,3/30/15 9:31,5TM Moisture/Temp,0.385 m³/m³,11.1 °C
L002,4/6/15 9:30,5TM Moisture/Temp,0.381 m³/m³,11.1 °C
L002,4/13/15 10:28,5TM Moisture/Temp,0.377 m³/m³,10.8 °C
L002,4/20/15 9:12,5TM Moisture/Temp,0.375 m³/m³,10.8 °C
L002,4/27/15 7:44,5TM Moisture/Temp,0.372 m³/m³,11.2 °C
L002,5/4/15 8:55,5TM Moisture/Temp,0.368 m³/m³,11.7 °C
L002,5/11/15 8:41,5TM Moisture/Temp,0.364 m³/m³,12.2 °C
L002,5/18/15 12:50,5TM Moisture/Temp,0.360 m³/m³,12.5 °C
L002,5/26/15 8:57,5TM Moisture/Temp,0.357 m³/m³,13.2 °C
L002,6/8/15 8:49,5TM Moisture/Temp,0.353 m³/m³,14.4 °C
L002,6/15/15 9:26,5TM Moisture/Temp,0.337 m³/m³,15.3 °C
L002,6/22/15 8:50,5TM Moisture/Temp,0.336 m³/m³,15.7 °C
L002,6/29/15 8:52,5TM Moisture/Temp,0.336 m³/m³,16.2 °C
L002,7/6/15 8:40,5TM Moisture/Temp,0.338 m³/m³,17.1 °C
L002,7/13/15 8:27,5TM Moisture/Temp,0.334 m³/m³,17.7 °C
L002,7/16/15 7:50,5TM Moisture/Temp,0.334 m³/m³,17.7 °C
L002,7/27/15 8:20,5TM Moisture/Temp,0.330 m³/m³,18.1 °C
L002,8/3/15 8:43,5TM Moisture/Temp,0.325 m³/m³,18.2 °C
L002,8/10/15 8:45,5TM Moisture/Temp,0.318 m³/m³,18.3 °C
L002,8/17/15 8:20,5TM Moisture/Temp,0.312 m³/m³,18.5 °C
L002,8/24/15 8:32,5TM Moisture/Temp,0.305 m³/m³,18.6 °C
L002,8/31/15 8:53,5TM Moisture/Temp,0.302 m³/m³,18.4 °C
L002,9/8/15 9:24,5TM Moisture/Temp,0.301 m³/m³,17.7 °C
L002,9/21/15 6:35,5TM Moisture/Temp,0.300 m³/m³,17.0 °C
L002,9/28/15 9:45,5TM Moisture/Temp,0.297 m³/m³,16.7 °C
L002,10/5/15 11:23,5TM Moisture/Temp,0.297 m³/m³,16.3 °C
L002,10/13/15 11:40,5TM Moisture/Temp,0.297 m³/m³,16.2 °C
L002,10/19/15 9:44,5TM Moisture/Temp,0.297 m³/m³,15.8 °C
L002,10/26/15 9:48,5TM Moisture/Temp,0.298 m³/m³,15.4 °C
L002,11/3/15 11:35,5TM Moisture/Temp,0.299 m³/m³,14.9 °C
L002,11/9/15 10:04,5TM Moisture/Temp,0.299 m³/m³,14.3 °C
L002,11/13/15 10:29,5TM Moisture/Temp,0.300 m³/m³,13.7 °C
L002,11/28/15 12:26,5TM Moisture/Temp,0.299 m³/m³,11.9 °C
L002,12/7/15 11:19,5TM Moisture/Temp,0.313 m³/m³,10.0 °C
L002,12/14/15 11:48,5TM Moisture/Temp,0.442 m³/m³,10.5 °C
L002,12/21/15 11:34,5TM Moisture/Temp,0.445 m³/m³,10.2 °C
L002,12/28/15 10:39,5TM Moisture/Temp,0.445 m³/m³,9.8 °C
L002,1/5/16 12:25,5TM Moisture/Temp,0.359 m³/m³,8.8 °C
L002,1/11/16 10:51,5TM Moisture/Temp,0.356 m³/m³,8.2 °C
L002,1/19/16 10:15,5TM Moisture/Temp,0.271 m³/m³,7.8 °C
L002,1/25/16 10:37,5TM Moisture/Temp,0.368 m³/m³,8.7 °C
L002,2/1/16 10:39,5TM Moisture/Temp,0.367 m³/m³,9.4 °C
L002,2/8/16 10:48,5TM Moisture/Temp,0.361 m³/m³,9.4 °C
L002,2/16/16 10:31,5TM Moisture/Temp,0.359 m³/m³,9.6 °C
L002,2/22/16 1:47,5TM Moisture/Temp,0.362 m³/m³,10.0 °C
L002,2/29/16 1:26,5TM Moisture/Temp,0.357 m³/m³,9.9 °C
L002,3/7/16 1:56,5TM Moisture/Temp,0.358 m³/m³,10.3 °C
L002,3/21/16 0:44,5TM Moisture/Temp,0.361 m³/m³,10.4 °C
L002,3/28/16 9:51,5TM Moisture/Temp,0.363 m³/m³,10.7 °C
L002,4/4/16 10:04,5TM Moisture/Temp,0.357 m³/m³,10.7 °C
L002,4/18/16 9:39,5TM Moisture/Temp,0.347 m³/m³,11.2 °C
L002,5/9/16 9:40,5TM Moisture/Temp,0.345 m³/m³,11.9 °C
L002,5/16/16 9:28,5TM Moisture/Temp,0.352 m³/m³,12.5 °C
L002,5/23/16 10:08,5TM Moisture/Temp,0.348 m³/m³,12.9 °C
L002,5/31/16 11:49,5TM Moisture/Temp,0.344 m³/m³,13.1 °C
L002,6/6/16 10:14,5TM Moisture/Temp,0.342 m³/m³,13.5 °C
L002,7/30/08 22:35,5TM Moisture/Temp,0.336 m³/m³,14.2 °C
L002,6/19/16 22:05,5TM Moisture/Temp,0.336 m³/m³,14.1 °C
L002,6/26/16 22:14,5TM Moisture/Temp,0.333 m³/m³,14.2 °C
L002,7/10/16 22:07,5TM Moisture/Temp,0.330 m³/m³,15.4 °C
L002,7/17/16 22:10,5TM Moisture/Temp,0.328 m³/m³,15.8 °C
L002,7/24/16 21:54,5TM Moisture/Temp,0.327 m³/m³,16.2 °C
L002,8/9/16 2:42,5TM Moisture/Temp,0.324 m³/m³,17.2 °C
L002,8/15/16 21:40,5TM Moisture/Temp,0.320 m³/m³,17.0 °C
L002,8/22/16 22:23,5TM Moisture/Temp,0.319 m³/m³,17.3 °C
L002,8/29/16 22:21,5TM Moisture/Temp,0.324 m³/m³,17.4 °C
L002,9/6/16 22:45,5TM Moisture/Temp,0.316 m³/m³,17.2 °C
L002,9/12/16 22:12,5TM Moisture/Temp,0.315 m³/m³,16.8 °C
L002,9/19/16 21:55,5TM Moisture/Temp,0.314 m³/m³,16.4 °C
L002,10/3/16 22:11,5TM Moisture/Temp,0.314 m³/m³,15.9 °C
L002,10/17/16 5:01,5TM Moisture/Temp,0.314 m³/m³,15.3 °C
L002,10/24/16 4:59,5TM Moisture/Temp,0.334 m³/m³,14.7 °C
L002,11/7/16 6:01,5TM Moisture/Temp,0.357 m³/m³,14.0 °C
L002,11/14/16 6:03,5TM Moisture/Temp,0.352 m³/m³,13.7 °C
L002,11/21/16 5:47,5TM Moisture/Temp,0.353 m³/m³,13.4 °C
L002,12/5/16 6:11,5TM Moisture/Temp,0.356 m³/m³,12.0 °C
L002,12/12/16 5:47,5TM Moisture/Temp,0.363 m³/m³,10.7 °C
L002,12/19/16 6:09,5TM Moisture/Temp,0.358 m³/m³,9.6 °C
L002,1/3/17 6:04,5TM Moisture/Temp,0.354 m³/m³,8.3 °C
L002,1/9/17 6:33,5TM Moisture/Temp,0.359 m³/m³,7.6 °C
L002,1/17/17 5:55,5TM Moisture/Temp,0.354 m³/m³,6.5 °C
L002,1/23/17 5:58,5TM Moisture/Temp,0.360 m³/m³,6.4 °C
L002,1/30/17 5:47,5TM Moisture/Temp,0.354 m³/m³,6.8 °C
L002,2/27/17 7:12,5TM Moisture/Temp,0.363 m³/m³,8.2 °C
L002,3/6/17 11:45,5TM Moisture/Temp,0.367 m³/m³,8.1 °C
L002,3/13/17 9:03,5TM Moisture/Temp,0.366 m³/m³,8.3 °C
L002,3/20/17 9:11,5TM Moisture/Temp,0.367 m³/m³,9.2 °C
L002,3/27/17 9:17,5TM Moisture/Temp,0.371 m³/m³,9.7 °C
L002,4/3/17 8:52,5TM Moisture/Temp,0.365 m³/m³,10.1 °C
L002,4/10/17 9:02,5TM Moisture/Temp,0.364 m³/m³,10.6 °C
L002,4/17/17 8:34,5TM Moisture/Temp,0.360 m³/m³,10.6 °C
L002,4/24/17 10:38,5TM Moisture/Temp,0.362 m³/m³,10.9 °C
L002,5/1/17 11:10,5TM Moisture/Temp,0.363 m³/m³,11.2 °C
L002,5/8/17 9:53,5TM Moisture/Temp,0.357 m³/m³,12.1 °C
L002,5/15/17 9:48,5TM Moisture/Temp,0.352 m³/m³,12.5 °C
L002,5/22/17 10:04,5TM Moisture/Temp,0.351 m³/m³,12.6 °C
L002,5/30/17 10:14,5TM Moisture/Temp,0.343 m³/m³,14.0 °C
L002,6/5/17 10:43,5TM Moisture/Temp,0.340 m³/m³,14.5 °C
L002,6/12/17 10:22,5TM Moisture/Temp,0.335 m³/m³,14.8 °C
L002,6/19/17 10:00,5TM Moisture/Temp,0.335 m³/m³,14.5 °C
L002,6/26/17 9:59,5TM Moisture/Temp,0.330 m³/m³,15.3 °C
L002,7/3/17 10:06,5TM Moisture/Temp,0.330 m³/m³,16.0 °C
L002,7/10/17 10:00,5TM Moisture/Temp,0.326 m³/m³,16.7 °C
L002,7/17/17 10:03,5TM Moisture/Temp,0.324 m³/m³,17.4 °C
L002,7/24/17 9:52,5TM Moisture/Temp,0.322 m³/m³,17.8 °C
L002,7/31/17 11:19,5TM Moisture/Temp,0.320 m³/m³,18.3 °C
L002,8/7/17 9:24,5TM Moisture/Temp,0.317 m³/m³,18.8 °C
L002,8/14/17 8:54,5TM Moisture/Temp,0.313 m³/m³,19.2 °C
L002,8/22/2017 9:36 AM,5TM Moisture/Temp,0.306 m³/m³,18.8 °C
L002,8/28/2017 12:18 PM,5TM Moisture/Temp,0.302 m³/m³,18.7 °C
L002,9/5/2017 10:31 AM,5TM Moisture/Temp,0.298 m³/m³,18.6 °C
L002,9/5/2017 11:44 AM,5TM Moisture/Temp,0.346 m³/m³,23.5 °C
L002,9/11/2017 10:46 AM,5TM Moisture/Temp,0.298 m³/m³,18.5 °C
L002,9/18/2017 9:36 AM,5TM Moisture/Temp,0.298 m³/m³,18.2 °C
L002,10/2/2017 10:01 AM,5TM Moisture/Temp,0.300 m³/m³,16.7 °C
L002,10/10/2017 11:15 AM,5TM Moisture/Temp,0.301 m³/m³,15.8 °C
L002,10/16/2017 9:54 AM,5TM Moisture/Temp,0.299 m³/m³,15.0 °C
L002,10/23/2017 11:02 AM,5TM Moisture/Temp,0.301 m³/m³,14.3 °C
L002,10/30/2017 1:00 AM,5TM Moisture/Temp,0.303 m³/m³,14.1 °C
L002,11/6/2017 1:28 AM,5TM Moisture/Temp,0.304 m³/m³,13.4 °C
L002,11/13/2017 1:28 AM,5TM Moisture/Temp,0.313 m³/m³,12.4 °C
L002,11/13/2017 6:05 AM,5TM Moisture/Temp,0.337 m³/m³,11.8 °C
L002,11/20/2017 6:28 AM,5TM Moisture/Temp,0.343 m³/m³,11.8 °C
L002,11/27/2017 5:15 AM,5TM Moisture/Temp,0.343 m³/m³,11.3 °C
L002,12/4/2017 6:23 AM,5TM Moisture/Temp,0.337 m³/m³,10.2 °C
L002,12/11/2017 5:09 AM,5TM Moisture/Temp,0.334 m³/m³,8.8 °C
L003,12/8/14 13:47,5TM Moisture/Temp,0.321 m³/m³,10.9 °C
L003,12/15/14 12:39,5TM Moisture/Temp,0.391 m³/m³,10.9 °C
L003,12/22/14 10:59,5TM Moisture/Temp,0.397 m³/m³,10.5 °C
L003,12/29/14 12:42,5TM Moisture/Temp,0.402 m³/m³,10.6 °C
L003,1/5/15 13:16,5TM Moisture/Temp,0.400 m³/m³,9.2 °C
L003,1/12/15 11:40,5TM Moisture/Temp,0.404 m³/m³,9.0 °C
L003,1/20/15 11:55,5TM Moisture/Temp,0.409 m³/m³,9.1 °C
L003,1/26/15 11:20,5TM Moisture/Temp,0.411 m³/m³,9.2 °C
L003,2/2/15 11:17,5TM Moisture/Temp,0.418 m³/m³,9.5 °C
L003,2/10/15 11:53,5TM Moisture/Temp,0.424 m³/m³,10.0 °C
L003,2/17/15 10:28,5TM Moisture/Temp,0.424 m³/m³,10.3 °C
L003,2/23/15 11:08,5TM Moisture/Temp,0.429 m³/m³,10.1 °C
L003,3/2/15 10:46,5TM Moisture/Temp,0.435 m³/m³,9.7 °C
L003,3/9/15 10:58,5TM Moisture/Temp,0.441 m³/m³,9.6 °C
L003,3/16/15 10:23,5TM Moisture/Temp,0.452 m³/m³,10.3 °C
L003,3/23/15 10:34,5TM Moisture/Temp,0.457 m³/m³,10.8 °C
L003,3/30/15 10:25,5TM Moisture/Temp,0.458 m³/m³,11.3 °C
L003,4/6/15 10:49,5TM Moisture/Temp,0.462 m³/m³,11.6 °C
L003,4/13/15 11:34,5TM Moisture/Temp,0.421 m³/m³,11.5 °C
L003,4/20/15 10:15,5TM Moisture/Temp,0.433 m³/m³,11.9 °C
L003,4/27/15 8:33,5TM Moisture/Temp,0.423 m³/m³,12.4 °C
L003,5/4/15 10:23,5TM Moisture/Temp,0.424 m³/m³,12.9 °C
L003,5/11/15 10:03,5TM Moisture/Temp,0.424 m³/m³,13.7 °C
L003,5/18/15 11:41,5TM Moisture/Temp,0.425 m³/m³,14.0 °C
L003,5/26/15 9:54,5TM Moisture/Temp,0.417 m³/m³,14.6 °C
L003,7/13/15 9:33,5TM Moisture/Temp,0.293 m³/m³,19.1 °C
L003,7/16/15 8:44,5TM Moisture/Temp,0.291 m³/m³,19.1 °C
L003,7/27/15 9:04,5TM Moisture/Temp,0.288 m³/m³,19.7 °C
L003,8/3/15 9:36,5TM Moisture/Temp,0.284 m³/m³,20.0 °C
L003,8/10/15 9:52,5TM Moisture/Temp,0.283 m³/m³,20.3 °C
L003,8/17/15 9:26,5TM Moisture/Temp,0.282 m³/m³,20.6 °C
L003,8/24/15 9:21,5TM Moisture/Temp,0.282 m³/m³,20.7 °C
L003,8/31/15 9:42,5TM Moisture/Temp,0.281 m³/m³,20.1 °C
L003,9/8/15 10:21,5TM Moisture/Temp,0.280 m³/m³,19.0 °C
L003,9/14/15 9:27,5TM Moisture/Temp,0.280 m³/m³,18.8 °C
L005,12/5/14 10:19,5TM Moisture/Temp,0.266 m³/m³,10.2 °C
L005,12/8/14 10:31,5TM Moisture/Temp,0.263 m³/m³,10.4 °C
L005,12/22/14 9:39,5TM Moisture/Temp,0.281 m³/m³,10.1 °C
L005,12/29/14 11:27,5TM Moisture/Temp,0.339 m³/m³,10.6 °C
L005,1/5/15 10:10,5TM Moisture/Temp,0.260 m³/m³,9.1 °C
L005,1/12/15 10:01,5TM Moisture/Temp,0.254 m³/m³,8.7 °C
L005,1/20/15 10:06,5TM Moisture/Temp,0.270 m³/m³,9.0 °C
L005,1/26/15 10:14,5TM Moisture/Temp,0.258 m³/m³,9.1 °C
L005,2/2/15 10:01,5TM Moisture/Temp,0.254 m³/m³,9.5 °C
L005,2/10/15 9:36,5TM Moisture/Temp,0.275 m³/m³,10.0 °C
L005,2/17/15 9:01,5TM Moisture/Temp,0.258 m³/m³,10.1 °C
L005,2/23/15 9:43,5TM Moisture/Temp,0.254 m³/m³,9.9 °C
L005,3/2/15 9:27,5TM Moisture/Temp,0.249 m³/m³,9.5 °C
L005,3/9/15 8:58,5TM Moisture/Temp,0.246 m³/m³,9.3 °C
L005,3/16/15 8:24,5TM Moisture/Temp,0.245 m³/m³,10.1 °C
L005,3/23/15 8:55,5TM Moisture/Temp,0.253 m³/m³,10.7 °C
L005,3/30/15 9:10,5TM Moisture/Temp,0.261 m³/m³,11.2 °C
L005,4/6/15 8:42,5TM Moisture/Temp,0.253 m³/m³,11.4 °C
L005,4/13/15 9:41,5TM Moisture/Temp,0.250 m³/m³,11.3 °C
L005,4/20/15 8:45,5TM Moisture/Temp,0.246 m³/m³,11.4 °C
L005,4/27/15 7:23,5TM Moisture/Temp,0.246 m³/m³,12.2 °C
L005,5/4/15 8:20,5TM Moisture/Temp,0.243 m³/m³,13.0 °C
L005,5/11/15 8:14,5TM Moisture/Temp,0.240 m³/m³,14.3 °C
L005,5/18/15 13:12,5TM Moisture/Temp,0.238 m³/m³,14.7 °C
L005,5/26/15 8:37,5TM Moisture/Temp,0.237 m³/m³,15.2 °C
L005,6/8/15 8:18,5TM Moisture/Temp,0.237 m³/m³,16.6 °C
L005,6/15/15 8:51,5TM Moisture/Temp,0.237 m³/m³,18.4 °C
L005,6/22/15 8:29,5TM Moisture/Temp,0.235 m³/m³,19.4 °C
L005,6/29/15 8:26,5TM Moisture/Temp,0.231 m³/m³,20.2 °C
L005,7/6/15 8:14,5TM Moisture/Temp,0.229 m³/m³,21.5 °C
L005,7/13/15 8:03,5TM Moisture/Temp,0.227 m³/m³,22.0 °C
L005,7/16/15 7:32,5TM Moisture/Temp,0.226 m³/m³,22.0 °C
L005,7/27/15 7:55,5TM Moisture/Temp,0.225 m³/m³,22.9 °C
L005,8/3/15 8:19,5TM Moisture/Temp,0.222 m³/m³,22.7 °C
L005,8/10/15 7:58,5TM Moisture/Temp,0.222 m³/m³,22.4 °C
L005,8/17/15 7:58,5TM Moisture/Temp,0.219 m³/m³,22.0 °C
L005,8/24/15 8:08,5TM Moisture/Temp,0.219 m³/m³,22.0 °C
L005,9/8/15 9:04,5TM Moisture/Temp,0.217 m³/m³,20.3 °C
L005,9/14/15 8:17,5TM Moisture/Temp,0.218 m³/m³,20.1 °C
L005,9/21/15 6:15,5TM Moisture/Temp,0.216 m³/m³,19.5 °C
L005,9/28/15 9:24,5TM Moisture/Temp,0.214 m³/m³,18.9 °C
L005,10/5/15 9:49,5TM Moisture/Temp,0.213 m³/m³,18.3 °C
L005,10/13/15 11:18,5TM Moisture/Temp,0.212 m³/m³,18.1 °C
L005,10/19/15 9:23,5TM Moisture/Temp,0.211 m³/m³,17.3 °C
L005,10/26/15 9:27,5TM Moisture/Temp,0.210 m³/m³,16.5 °C
L005,11/3/15 11:08,5TM Moisture/Temp,0.204 m³/m³,15.7 °C
L005,11/13/15 10:11,5TM Moisture/Temp,0.202 m³/m³,14.1 °C
L005,11/28/15 12:02,5TM Moisture/Temp,0.252 m³/m³,11.7 °C
L005,12/7/15 10:46,5TM Moisture/Temp,0.260 m³/m³,9.9 °C
L005,12/14/15 11:25,5TM Moisture/Temp,0.295 m³/m³,10.3 °C
L005,12/21/15 11:13,5TM Moisture/Temp,0.320 m³/m³,9.8 °C
L005,12/28/15 10:15,5TM Moisture/Temp,0.276 m³/m³,9.2 °C
L005,1/5/16 11:21,5TM Moisture/Temp,0.253 m³/m³,8.0 °C
L005,1/11/16 10:28,5TM Moisture/Temp,0.251 m³/m³,7.4 °C
L005,1/25/16 10:20,5TM Moisture/Temp,0.267 m³/m³,8.4 °C
L005,2/1/16 10:15,5TM Moisture/Temp,0.265 m³/m³,9.1 °C
L005,2/8/16 10:17,5TM Moisture/Temp,0.257 m³/m³,8.9 °C
L005,2/22/16 1:22,5TM Moisture/Temp,0.258 m³/m³,9.6 °C
L005,2/29/16 1:05,5TM Moisture/Temp,0.251 m³/m³,9.5 °C
L005,3/7/16 1:25,5TM Moisture/Temp,0.250 m³/m³,9.8 °C
L005,3/14/16 0:36,5TM Moisture/Temp,0.272 m³/m³,9.9 °C
L005,3/28/16 9:31,5TM Moisture/Temp,0.258 m³/m³,10.3 °C
L005,4/4/16 9:30,5TM Moisture/Temp,0.252 m³/m³,10.9 °C
L005,4/11/16 9:19,5TM Moisture/Temp,0.246 m³/m³,12.1 °C
L005,5/9/16 9:16,5TM Moisture/Temp,0.242 m³/m³,14.4 °C
L005,5/16/16 9:06,5TM Moisture/Temp,0.242 m³/m³,16.0 °C
L005,5/23/16 9:50,5TM Moisture/Temp,0.239 m³/m³,15.7 °C
L005,5/31/16 11:26,5TM Moisture/Temp,0.237 m³/m³,15.7 °C
L005,6/6/16 9:43,5TM Moisture/Temp,0.234 m³/m³,17.1 °C
L005,6/19/16 21:36,5TM Moisture/Temp,0.229 m³/m³,17.6 °C
L005,6/26/16 21:50,5TM Moisture/Temp,0.224 m³/m³,17.8 °C
L005,7/4/16 21:40,5TM Moisture/Temp,0.214 m³/m³,18.8 °C
L005,7/10/16 21:41,5TM Moisture/Temp,0.210 m³/m³,19.1 °C
L005,7/17/16 21:50,5TM Moisture/Temp,0.197 m³/m³,18.8 °C
L005,8/2/16 0:54,5TM Moisture/Temp,0.169 m³/m³,19.9 °C
L005,8/9/16 3:10,5TM Moisture/Temp,0.168 m³/m³,20.2 °C
L005,8/15/16 21:18,5TM Moisture/Temp,0.168 m³/m³,20.4 °C
L005,8/22/16 22:08,5TM Moisture/Temp,0.163 m³/m³,20.9 °C
L005,8/29/16 21:52,5TM Moisture/Temp,0.162 m³/m³,20.8 °C
L005,9/6/16 22:15,5TM Moisture/Temp,0.162 m³/m³,20.3 °C
L005,9/12/16 21:45,5TM Moisture/Temp,0.160 m³/m³,19.6 °C
L005,9/19/16 21:32,5TM Moisture/Temp,0.159 m³/m³,19.2 °C
L005,10/3/16 21:50,5TM Moisture/Temp,0.157 m³/m³,18.1 °C
L005,10/10/16 21:44,5TM Moisture/Temp,0.156 m³/m³,17.1 °C
L005,2/16/85 4:38,5TM Moisture/Temp,0.152 m³/m³,16.4 °C
L005,10/24/16 4:40,5TM Moisture/Temp,0.249 m³/m³,15.2 °C
L005,10/31/16 4:49,5TM Moisture/Temp,0.258 m³/m³,14.9 °C
L005,11/7/16 5:41,5TM Moisture/Temp,0.258 m³/m³,14.4 °C
L005,11/14/16 5:40,5TM Moisture/Temp,0.243 m³/m³,14.1 °C
L005,11/21/16 5:27,5TM Moisture/Temp,0.248 m³/m³,13.5 °C
L005,11/28/16 6:09,5TM Moisture/Temp,0.258 m³/m³,12.5 °C
L005,12/5/16 5:45,5TM Moisture/Temp,0.251 m³/m³,11.7 °C
L005,12/19/16 5:46,5TM Moisture/Temp,0.252 m³/m³,8.9 °C
L005,1/3/17 5:38,5TM Moisture/Temp,0.243 m³/m³,7.9 °C
L005,1/9/17 5:46,5TM Moisture/Temp,0.253 m³/m³,7.2 °C
L005,1/30/17 5:29,5TM Moisture/Temp,0.242 m³/m³,7.0 °C
L005,2/6/17 5:25,5TM Moisture/Temp,0.270 m³/m³,6.9 °C
L005,1/25/00 6:36,5TM Moisture/Temp,0.256 m³/m³,7.6 °C
L005,2/27/17 6:43,5TM Moisture/Temp,0.251 m³/m³,8.2 °C
L005,3/6/17 11:18,5TM Moisture/Temp,0.249 m³/m³,8.0 °C
L005,3/13/17 8:33,5TM Moisture/Temp,0.258 m³/m³,8.3 °C
L005,3/20/17 8:48,5TM Moisture/Temp,0.256 m³/m³,9.3 °C
L005,3/27/17 8:51,5TM Moisture/Temp,0.258 m³/m³,9.6 °C
L005,4/3/17 8:32,5TM Moisture/Temp,0.252 m³/m³,10.0 °C
L005,4/10/17 8:38,5TM Moisture/Temp,0.243 m³/m³,10.4 °C
L005,4/17/17 8:11,5TM Moisture/Temp,0.244 m³/m³,10.4 °C
L005,4/24/17 10:20,5TM Moisture/Temp,0.252 m³/m³,10.9 °C
L005,5/1/17 10:41,5TM Moisture/Temp,0.255 m³/m³,11.2 °C
L005,5/8/17 9:25,5TM Moisture/Temp,0.243 m³/m³,12.4 °C
L005,5/15/17 9:25,5TM Moisture/Temp,0.234 m³/m³,13.2 °C
L005,5/22/17 9:40,5TM Moisture/Temp,0.233 m³/m³,13.4 °C
L005,5/30/17 9:55,5TM Moisture/Temp,0.230 m³/m³,15.7 °C
L005,6/5/17 10:17,5TM Moisture/Temp,0.227 m³/m³,16.5 °C
L005,6/12/17 10:02,5TM Moisture/Temp,0.222 m³/m³,16.9 °C
L005,6/26/17 9:40,5TM Moisture/Temp,0.217 m³/m³,17.9 °C
L005,7/10/17 9:29,5TM Moisture/Temp,0.216 m³/m³,20.1 °C
L005,7/17/17 9:45,5TM Moisture/Temp,0.215 m³/m³,21.0 °C
L005,7/31/17 9:53,5TM Moisture/Temp,0.210 m³/m³,22.0 °C
L005,8/7/17 9:01,5TM Moisture/Temp,0.209 m³/m³,22.6 °C
L005,8/14/17 8:34,5TM Moisture/Temp,0.207 m³/m³,22.6 °C
L005,8/22/2017 9:11 AM,5TM Moisture/Temp,0.204 m³/m³,21.8 °C
L005,8/28/2017 12:39 PM,5TM Moisture/Temp,0.205 m³/m³,21.3 °C
L005,9/5/2017 10:09 AM,5TM Moisture/Temp,0.204 m³/m³,21.4 °C
L005,9/11/2017 10:30 AM,5TM Moisture/Temp,0.204 m³/m³,20.9 °C
L005,9/18/2017 9:12 AM,5TM Moisture/Temp,0.204 m³/m³,20.4 °C
L005,10/2/2017 9:39 AM,5TM Moisture/Temp,0.202 m³/m³,18.2 °C
L005,10/10/2017 10:56 AM,5TM Moisture/Temp,0.201 m³/m³,17.2 °C
L005,10/16/2017 9:34 AM,5TM Moisture/Temp,0.200 m³/m³,15.9 °C
L005,10/23/2017 10:42 AM,5TM Moisture/Temp,0.264 m³/m³,14.8 °C
L005,10/30/2017 9:55 AM,5TM Moisture/Temp,0.242 m³/m³,14.7 °C
L005,11/6/2017 1:04 AM,5TM Moisture/Temp,0.234 m³/m³,13.9 °C
L005,11/13/2017 1:04 AM,5TM Moisture/Temp,0.255 m³/m³,12.4 °C
L005,11/13/2017 5:45 AM,5TM Moisture/Temp,0.249 m³/m³,11.8 °C
L005,11/20/2017 6:07 AM,5TM Moisture/Temp,0.250 m³/m³,12.0 °C
L005,11/27/2017 4:55 AM,5TM Moisture/Temp,0.252 m³/m³,11.2 °C
L005,11/27/2017 5:14 AM,5TM Moisture/Temp,0.343 m³/m³,11.2 °C
L005,12/4/2017 6:01 AM,5TM Moisture/Temp,0.236 m³/m³,9.8 °C
L005,12/11/2017 4:51 AM,5TM Moisture/Temp,0.226 m³/m³,8.6 °C
L007,12/5/14 12:52,5TM Moisture/Temp,0.332 m³/m³,10.9 °C
L007,12/8/14 11:43,5TM Moisture/Temp,0.337 m³/m³,10.4 °C
L007,12/15/14 10:53,5TM Moisture/Temp,0.339 m³/m³,10.5 °C
L007,12/22/14 10:18,5TM Moisture/Temp,0.353 m³/m³,10.0 °C
L007,12/29/14 12:05,5TM Moisture/Temp,0.384 m³/m³,10.6 °C
L007,1/5/15 12:22,5TM Moisture/Temp,0.348 m³/m³,9.3 °C
L007,1/12/15 11:05,5TM Moisture/Temp,0.342 m³/m³,8.8 °C
L007,1/20/15 11:15,5TM Moisture/Temp,0.354 m³/m³,8.8 °C
L007,1/26/15 10:48,5TM Moisture/Temp,0.346 m³/m³,9.0 °C
L007,2/2/15 10:44,5TM Moisture/Temp,0.344 m³/m³,9.3 °C
L007,2/10/15 10:58,5TM Moisture/Temp,0.361 m³/m³,9.9 °C
L007,2/17/15 9:54,5TM Moisture/Temp,0.345 m³/m³,10.3 °C
L007,2/23/15 10:32,5TM Moisture/Temp,0.341 m³/m³,10.2 °C
L007,3/2/15 10:14,5TM Moisture/Temp,0.339 m³/m³,9.9 °C
L007,3/9/15 10:19,5TM Moisture/Temp,0.337 m³/m³,9.8 °C
L007,3/16/15 9:30,5TM Moisture/Temp,0.347 m³/m³,10.4 °C
L007,3/23/15 9:56,5TM Moisture/Temp,0.351 m³/m³,11.1 °C
L007,3/30/15 9:52,5TM Moisture/Temp,0.350 m³/m³,11.6 °C
L007,4/6/15 10:07,5TM Moisture/Temp,0.346 m³/m³,12.0 °C
L007,4/13/15 10:49,5TM Moisture/Temp,0.343 m³/m³,12.0 °C
L007,4/20/15 9:37,5TM Moisture/Temp,0.342 m³/m³,12.2 °C
L007,4/27/15 8:02,5TM Moisture/Temp,0.340 m³/m³,12.7 °C
L007,5/4/15 9:36,5TM Moisture/Temp,0.341 m³/m³,13.3 °C
L007,5/11/15 9:22,5TM Moisture/Temp,0.342 m³/m³,14.0 °C
L007,5/18/15 12:26,5TM Moisture/Temp,0.349 m³/m³,14.4 °C
L007,5/26/15 9:18,5TM Moisture/Temp,0.353 m³/m³,15.2 °C
L007,6/8/15 9:38,5TM Moisture/Temp,0.358 m³/m³,16.8 °C
L007,6/15/15 9:55,5TM Moisture/Temp,0.353 m³/m³,17.8 °C
L007,6/22/15 9:12,5TM Moisture/Temp,0.348 m³/m³,18.1 °C
L007,6/29/15 9:14,5TM Moisture/Temp,0.346 m³/m³,18.6 °C
L007,7/6/15 9:08,5TM Moisture/Temp,0.353 m³/m³,20.4 °C
L007,7/13/15 8:54,5TM Moisture/Temp,0.344 m³/m³,20.4 °C
L007,7/16/15 8:11,5TM Moisture/Temp,0.343 m³/m³,20.3 °C
L007,7/27/15 8:37,5TM Moisture/Temp,0.342 m³/m³,20.4 °C
L007,8/3/15 9:04,5TM Moisture/Temp,0.339 m³/m³,20.4 °C
L007,8/10/15 9:09,5TM Moisture/Temp,0.335 m³/m³,20.3 °C
L007,8/17/15 8:38,5TM Moisture/Temp,0.332 m³/m³,20.2 °C
L007,8/24/15 8:49,5TM Moisture/Temp,0.330 m³/m³,20.2 °C
L007,8/31/15 9:11,5TM Moisture/Temp,0.328 m³/m³,19.9 °C
L007,9/8/15 9:45,5TM Moisture/Temp,0.326 m³/m³,19.3 °C
L007,9/14/15 8:52,5TM Moisture/Temp,0.325 m³/m³,19.0 °C
L007,9/21/15 7:00,5TM Moisture/Temp,0.323 m³/m³,18.5 °C
L007,9/28/15 10:05,5TM Moisture/Temp,0.321 m³/m³,18.1 °C
L007,10/5/15 11:44,5TM Moisture/Temp,0.319 m³/m³,17.6 °C
L007,10/13/15 12:01,5TM Moisture/Temp,0.318 m³/m³,17.2 °C
L007,10/19/15 10:03,5TM Moisture/Temp,0.317 m³/m³,16.9 °C
L007,10/26/15 10:06,5TM Moisture/Temp,0.315 m³/m³,16.3 °C
L007,11/3/15 12:05,5TM Moisture/Temp,0.315 m³/m³,15.6 °C
L007,11/9/15 10:25,5TM Moisture/Temp,0.316 m³/m³,15.0 °C
L007,11/13/15 10:46,5TM Moisture/Temp,0.317 m³/m³,14.4 °C
L007,12/7/15 11:39,5TM Moisture/Temp,0.357 m³/m³,10.3 °C
L007,12/14/15 12:08,5TM Moisture/Temp,0.376 m³/m³,10.5 °C
L007,12/21/15 11:52,5TM Moisture/Temp,0.392 m³/m³,10.3 °C
L007,1/5/16 13:32,5TM Moisture/Temp,0.343 m³/m³,8.7 °C
L007,1/11/16 11:14,5TM Moisture/Temp,0.341 m³/m³,8.1 °C
L007,1/19/16 11:02,5TM Moisture/Temp,0.360 m³/m³,8.1 °C
L007,1/25/16 10:50,5TM Moisture/Temp,0.353 m³/m³,8.6 °C
L007,2/1/16 10:59,5TM Moisture/Temp,0.353 m³/m³,9.4 °C
L007,2/8/16 11:31,5TM Moisture/Temp,0.345 m³/m³,9.3 °C
L007,2/16/16 10:50,5TM Moisture/Temp,0.344 m³/m³,9.7 °C
L007,2/22/16 2:06,5TM Moisture/Temp,0.350 m³/m³,10.2 °C
L007,2/29/16 1:46,5TM Moisture/Temp,0.345 m³/m³,10.2 °C
L007,3/7/16 2:26,5TM Moisture/Temp,0.345 m³/m³,10.5 °C
L007,3/21/16 1:05,5TM Moisture/Temp,0.352 m³/m³,10.8 °C
L007,3/28/16 10:09,5TM Moisture/Temp,0.352 m³/m³,11.3 °C
L007,4/4/16 10:36,5TM Moisture/Temp,0.344 m³/m³,11.8 °C
L007,4/11/16 10:03,5TM Moisture/Temp,0.341 m³/m³,12.7 °C
L007,5/2/16 10:32,5TM Moisture/Temp,0.345 m³/m³,14.3 °C
L007,5/9/16 10:00,5TM Moisture/Temp,0.341 m³/m³,15.0 °C
L007,5/16/16 9:49,5TM Moisture/Temp,0.358 m³/m³,16.2 °C
L007,5/23/16 10:24,5TM Moisture/Temp,0.347 m³/m³,16.2 °C
L007,5/31/16 12:08,5TM Moisture/Temp,0.371 m³/m³,16.4 °C
L007,6/19/16 22:31,5TM Moisture/Temp,0.362 m³/m³,17.7 °C
L007,7/4/16 22:34,5TM Moisture/Temp,0.352 m³/m³,18.7 °C
L007,7/10/16 22:28,5TM Moisture/Temp,0.360 m³/m³,19.0 °C
L007,7/17/16 22:26,EC-5 Soil Moisture,0.686 m³/m³,
L007,7/24/16 22:16,5TM Moisture/Temp,0.367 m³/m³,19.3 °C
L007,8/2/16 0:20,EC-5 Soil Moisture,0.519 m³/m³,
L007,8/15/16 21:58,5TM Moisture/Temp,0.350 m³/m³,20.1 °C
L009,1/12/15 15:06,5TM Moisture/Temp,0.115 m³/m³,10.1 °C
L009,1/20/15 17:01,5TM Moisture/Temp,0.124 m³/m³,8.7 °C
L009,1/26/15 13:31,5TM Moisture/Temp,0.119 m³/m³,8.8 °C
L009,2/2/15 14:04,5TM Moisture/Temp,0.116 m³/m³,9.1 °C
L009,2/10/15 15:48,5TM Moisture/Temp,0.134 m³/m³,9.9 °C
L009,2/17/15 13:32,5TM Moisture/Temp,0.121 m³/m³,10.1 °C
L009,2/23/15 15:37,5TM Moisture/Temp,0.118 m³/m³,10.1 °C
L009,3/2/15 13:43,5TM Moisture/Temp,0.114 m³/m³,9.6 °C
L009,3/9/15 14:45,5TM Moisture/Temp,0.112 m³/m³,9.4 °C
L009,3/16/15 14:47,5TM Moisture/Temp,0.111 m³/m³,10.6 °C
L009,3/23/15 13:31,5TM Moisture/Temp,0.112 m³/m³,11.0 °C
L009,3/30/15 13:42,5TM Moisture/Temp,0.114 m³/m³,11.6 °C
L009,4/6/15 14:05,5TM Moisture/Temp,0.116 m³/m³,11.5 °C
L009,4/13/15 15:16,5TM Moisture/Temp,0.115 m³/m³,11.6 °C
L009,4/20/15 13:59,5TM Moisture/Temp,0.116 m³/m³,11.8 °C
L009,4/27/15 11:14,5TM Moisture/Temp,0.116 m³/m³,12.3 °C
L009,5/4/15 14:12,5TM Moisture/Temp,0.116 m³/m³,13.1 °C
L009,5/11/15 15:01,5TM Moisture/Temp,0.114 m³/m³,13.8 °C
L009,5/18/15 8:17,5TM Moisture/Temp,0.113 m³/m³,14.0 °C
L009,5/26/15 11:58,5TM Moisture/Temp,0.111 m³/m³,14.5 °C
L009,6/8/15 13:56,5TM Moisture/Temp,0.107 m³/m³,15.2 °C
L009,6/15/15 16:59,5TM Moisture/Temp,0.096 m³/m³,15.8 °C
L009,6/22/15 13:03,5TM Moisture/Temp,0.086 m³/m³,16.0 °C
L009,6/29/15 13:30,5TM Moisture/Temp,0.077 m³/m³,16.8 °C
L009,7/6/15 13:10,5TM Moisture/Temp,0.069 m³/m³,17.6 °C
L009,7/13/15 14:55,5TM Moisture/Temp,0.074 m³/m³,17.8 °C
L009,7/16/15 11:15,5TM Moisture/Temp,0.072 m³/m³,17.8 °C
L009,7/27/15 11:02,5TM Moisture/Temp,0.068 m³/m³,17.6 °C
L009,8/3/15 12:12,5TM Moisture/Temp,0.066 m³/m³,17.7 °C
L009,8/10/15 13:05,5TM Moisture/Temp,0.065 m³/m³,18.2 °C
L009,8/24/15 12:13,5TM Moisture/Temp,0.064 m³/m³,19.4 °C
L009,8/31/15 12:14,5TM Moisture/Temp,0.065 m³/m³,18.9 °C
L009,9/8/15 13:08,5TM Moisture/Temp,0.064 m³/m³,17.9 °C
L009,9/14/15 12:30,5TM Moisture/Temp,0.105 m³/m³,18.3 °C
L009,9/21/15 11:25,5TM Moisture/Temp,0.109 m³/m³,17.6 °C
L009,9/28/15 13:29,5TM Moisture/Temp,0.098 m³/m³,17.1 °C
L009,10/5/15 15:00,5TM Moisture/Temp,0.084 m³/m³,16.3 °C
L009,10/13/15 15:17,5TM Moisture/Temp,0.080 m³/m³,16.1 °C
L009,10/19/15 14:51,5TM Moisture/Temp,0.078 m³/m³,15.7 °C
L009,10/26/15 13:12,5TM Moisture/Temp,0.078 m³/m³,15.2 °C
L009,11/3/15 15:54,5TM Moisture/Temp,0.079 m³/m³,14.8 °C
L009,11/9/15 16:28,5TM Moisture/Temp,0.080 m³/m³,13.7 °C
L009,11/13/15 13:58,5TM Moisture/Temp,0.082 m³/m³,13.0 °C
L009,11/28/15 15:38,5TM Moisture/Temp,0.114 m³/m³,10.5 °C
L009,12/7/15 16:19,5TM Moisture/Temp,0.138 m³/m³,8.6 °C
L009,12/14/15 17:03,5TM Moisture/Temp,0.131 m³/m³,9.7 °C
L009,12/21/15 15:08,5TM Moisture/Temp,0.123 m³/m³,9.2 °C
L009,12/28/15 14:49,5TM Moisture/Temp,0.126 m³/m³,8.5 °C
L009,1/6/16 15:31,5TM Moisture/Temp,0.118 m³/m³,7.1 °C
L009,1/11/16 16:09,5TM Moisture/Temp,0.118 m³/m³,6.9 °C
L009,1/19/16 16:12,5TM Moisture/Temp,0.134 m³/m³,7.4 °C
L009,1/25/16 13:02,5TM Moisture/Temp,0.126 m³/m³,8.1 °C
L009,2/1/16 14:37,5TM Moisture/Temp,0.129 m³/m³,8.8 °C
L009,2/8/16 16:45,5TM Moisture/Temp,0.120 m³/m³,8.5 °C
L009,2/16/16 15:32,5TM Moisture/Temp,0.120 m³/m³,9.1 °C
L009,2/22/16 5:24,5TM Moisture/Temp,0.128 m³/m³,9.3 °C
L009,2/29/16 5:07,5TM Moisture/Temp,0.125 m³/m³,9.4 °C
L009,3/7/16 6:45,5TM Moisture/Temp,0.130 m³/m³,9.8 °C
L009,3/14/16 8:26,5TM Moisture/Temp,0.137 m³/m³,9.7 °C
L009,3/21/16 5:00,5TM Moisture/Temp,0.122 m³/m³,9.9 °C
L009,3/28/16 14:38,5TM Moisture/Temp,0.124 m³/m³,10.3 °C
L009,4/4/16 14:59,5TM Moisture/Temp,0.120 m³/m³,11.0 °C
L009,4/11/16 14:42,5TM Moisture/Temp,0.117 m³/m³,11.8 °C
L009,4/18/16 13:42,5TM Moisture/Temp,0.116 m³/m³,12.0 °C
L009,5/2/16 15:43,5TM Moisture/Temp,0.112 m³/m³,12.6 °C
L009,5/9/16 14:40,5TM Moisture/Temp,0.111 m³/m³,13.3 °C
L009,5/16/16 13:45,5TM Moisture/Temp,0.110 m³/m³,13.7 °C
L009,5/23/16 12:23,5TM Moisture/Temp,0.109 m³/m³,13.6 °C
L009,5/31/16 15:57,5TM Moisture/Temp,0.107 m³/m³,13.7 °C
L009,6/6/16 15:11,5TM Moisture/Temp,0.105 m³/m³,14.6 °C
L009,6/20/16 2:24,5TM Moisture/Temp,0.099 m³/m³,14.7 °C
L009,6/27/16 3:24,5TM Moisture/Temp,0.097 m³/m³,15.0 °C
L009,7/5/16 2:47,5TM Moisture/Temp,0.094 m³/m³,15.7 °C
L009,7/11/16 4:01,5TM Moisture/Temp,0.091 m³/m³,15.8 °C
L009,7/18/16 1:42,5TM Moisture/Temp,0.089 m³/m³,15.9 °C
L009,7/25/16 2:12,5TM Moisture/Temp,0.084 m³/m³,16.1 °C
L009,8/1/16 20:55,5TM Moisture/Temp,0.080 m³/m³,16.8 °C
L009,8/8/16 22:11,5TM Moisture/Temp,0.080 m³/m³,16.7 °C
L009,8/16/16 2:18,5TM Moisture/Temp,0.079 m³/m³,17.0 °C
L009,8/23/16 0:38,5TM Moisture/Temp,0.078 m³/m³,18.0 °C
L009,8/30/16 1:52,5TM Moisture/Temp,0.076 m³/m³,18.3 °C
L009,9/7/16 2:53,5TM Moisture/Temp,0.074 m³/m³,17.9 °C
L009,9/20/16 1:23,5TM Moisture/Temp,0.070 m³/m³,17.5 °C
L009,10/4/16 1:35,5TM Moisture/Temp,0.067 m³/m³,16.5 °C
L009,10/11/16 1:47,5TM Moisture/Temp,0.066 m³/m³,15.9 °C
L009,10/17/16 9:40,5TM Moisture/Temp,0.068 m³/m³,15.2 °C
L009,10/24/16 8:48,5TM Moisture/Temp,0.121 m³/m³,14.7 °C
L009,10/31/16 10:32,5TM Moisture/Temp,0.124 m³/m³,14.3 °C
L009,11/7/16 11:19,5TM Moisture/Temp,0.126 m³/m³,13.9 °C
L009,11/14/16 11:15,5TM Moisture/Temp,0.119 m³/m³,13.7 °C
L009,11/21/16 10:14,5TM Moisture/Temp,0.122 m³/m³,12.9 °C
L009,11/28/16 10:38,5TM Moisture/Temp,0.122 m³/m³,11.8 °C
L009,12/5/16 10:56,5TM Moisture/Temp,0.121 m³/m³,10.9 °C
L009,12/19/16 9:58,5TM Moisture/Temp,0.119 m³/m³,8.1 °C
L009,1/3/17 9:33,5TM Moisture/Temp,0.116 m³/m³,7.0 °C
L009,1/9/17 12:23,5TM Moisture/Temp,0.117 m³/m³,6.1 °C
L009,1/17/17 10:51,5TM Moisture/Temp,0.121 m³/m³,5.1 °C
L009,1/23/17 9:31,5TM Moisture/Temp,0.126 m³/m³,5.3 °C
L009,1/30/17 8:46,5TM Moisture/Temp,0.119 m³/m³,5.8 °C
L009,2/6/17 10:51,5TM Moisture/Temp,0.127 m³/m³,5.9 °C
L009,2/13/17 11:09,5TM Moisture/Temp,0.119 m³/m³,6.8 °C
L009,2/27/17 9:51,5TM Moisture/Temp,0.120 m³/m³,7.6 °C
L009,3/6/17 15:22,5TM Moisture/Temp,0.122 m³/m³,7.5 °C
L009,3/13/17 14:56,5TM Moisture/Temp,0.125 m³/m³,8.2 °C
L009,3/20/17 14:41,5TM Moisture/Temp,0.128 m³/m³,9.3 °C
L009,3/27/17 14:00,5TM Moisture/Temp,0.129 m³/m³,9.5 °C
L009,4/3/17 13:46,5TM Moisture/Temp,0.122 m³/m³,10.0 °C
L009,4/10/17 14:41,5TM Moisture/Temp,0.120 m³/m³,10.4 °C
L009,4/17/17 12:47,5TM Moisture/Temp,0.125 m³/m³,10.3 °C
L009,4/24/17 14:54,5TM Moisture/Temp,0.129 m³/m³,11.1 °C
L009,5/1/17 14:52,5TM Moisture/Temp,0.130 m³/m³,11.3 °C
L009,5/8/17 15:02,5TM Moisture/Temp,0.126 m³/m³,12.4 °C
L010,12/22/14 12:41,5TM Moisture/Temp,0.158 m³/m³,13.0 °C
L010,12/29/14 14:28,5TM Moisture/Temp,0.292 m³/m³,10.0 °C
L010,1/5/15 15:21,5TM Moisture/Temp,0.216 m³/m³,8.3 °C
L010,1/12/15 13:41,5TM Moisture/Temp,0.204 m³/m³,8.3 °C
L010,1/20/15 14:53,5TM Moisture/Temp,0.231 m³/m³,8.5 °C
L010,1/26/15 12:51,5TM Moisture/Temp,0.225 m³/m³,8.6 °C
L010,2/2/15 12:47,5TM Moisture/Temp,0.220 m³/m³,9.0 °C
L010,2/10/15 14:33,5TM Moisture/Temp,0.234 m³/m³,9.7 °C
L010,2/17/15 12:31,5TM Moisture/Temp,0.223 m³/m³,9.9 °C
L010,2/23/15 13:40,5TM Moisture/Temp,0.221 m³/m³,9.8 °C
L010,3/2/15 12:40,5TM Moisture/Temp,0.218 m³/m³,9.3 °C
L010,3/9/15 13:41,5TM Moisture/Temp,0.217 m³/m³,9.3 °C
L010,3/16/15 12:58,5TM Moisture/Temp,0.228 m³/m³,10.3 °C
L010,3/23/15 12:27,5TM Moisture/Temp,0.224 m³/m³,10.8 °C
L010,4/6/15 13:05,5TM Moisture/Temp,0.222 m³/m³,11.6 °C
L010,4/13/15 13:32,5TM Moisture/Temp,0.220 m³/m³,11.4 °C
L010,4/20/15 12:02,5TM Moisture/Temp,0.218 m³/m³,11.6 °C
L010,4/27/15 9:59,5TM Moisture/Temp,0.217 m³/m³,12.3 °C
L010,5/11/15 12:49,5TM Moisture/Temp,0.215 m³/m³,14.1 °C
L010,5/18/15 10:31,5TM Moisture/Temp,0.212 m³/m³,14.5 °C
L010,5/26/15 11:06,5TM Moisture/Temp,0.210 m³/m³,15.1 °C
L010,6/8/15 12:30,5TM Moisture/Temp,0.194 m³/m³,16.9 °C
L010,6/15/15 14:31,5TM Moisture/Temp,0.164 m³/m³,18.2 °C
L010,6/22/15 11:45,5TM Moisture/Temp,0.154 m³/m³,19.1 °C
L010,6/29/15 11:35,5TM Moisture/Temp,0.157 m³/m³,20.5 °C
L010,7/6/15 11:45,5TM Moisture/Temp,0.160 m³/m³,22.2 °C
L010,7/13/15 11:54,5TM Moisture/Temp,0.162 m³/m³,22.8 °C
L010,7/16/15 10:11,5TM Moisture/Temp,0.161 m³/m³,22.9 °C
L010,7/27/15 10:05,5TM Moisture/Temp,0.163 m³/m³,23.4 °C
L010,8/3/15 10:58,5TM Moisture/Temp,0.164 m³/m³,23.8 °C
L010,8/10/15 11:41,5TM Moisture/Temp,0.164 m³/m³,23.9 °C
L010,8/17/15 11:39,5TM Moisture/Temp,0.164 m³/m³,23.8 °C
L010,8/24/15 10:56,5TM Moisture/Temp,0.164 m³/m³,23.9 °C
L010,8/31/15 11:01,5TM Moisture/Temp,0.165 m³/m³,23.5 °C
L010,9/8/15 11:48,5TM Moisture/Temp,0.163 m³/m³,21.7 °C
L010,9/14/15 11:17,5TM Moisture/Temp,0.163 m³/m³,21.7 °C
L010,9/21/15 9:30,5TM Moisture/Temp,0.162 m³/m³,20.8 °C
L010,9/28/15 12:29,5TM Moisture/Temp,0.161 m³/m³,20.2 °C
L010,10/5/15 13:37,5TM Moisture/Temp,0.161 m³/m³,19.5 °C
L010,10/13/15 14:09,5TM Moisture/Temp,0.160 m³/m³,19.2 °C
L010,10/19/15 12:54,5TM Moisture/Temp,0.159 m³/m³,18.5 °C
L010,10/26/15 12:05,5TM Moisture/Temp,0.159 m³/m³,17.5 °C
L010,11/3/15 14:39,5TM Moisture/Temp,0.159 m³/m³,16.5 °C
L010,11/9/15 13:51,5TM Moisture/Temp,0.157 m³/m³,15.2 °C
L010,11/13/15 12:46,5TM Moisture/Temp,0.157 m³/m³,14.5 °C
L010,12/7/15 14:40,5TM Moisture/Temp,0.214 m³/m³,9.7 °C
L010,12/21/15 13:56,5TM Moisture/Temp,0.265 m³/m³,9.9 °C
L010,12/28/15 12:59,5TM Moisture/Temp,0.237 m³/m³,9.2 °C
L010,1/6/16 13:17,5TM Moisture/Temp,0.213 m³/m³,7.6 °C
L010,1/11/16 14:12,5TM Moisture/Temp,0.215 m³/m³,7.3 °C
L010,1/19/16 15:13,5TM Moisture/Temp,0.246 m³/m³,7.6 °C
L010,1/25/16 12:20,5TM Moisture/Temp,0.224 m³/m³,8.3 °C
L010,2/1/16 13:11,5TM Moisture/Temp,0.226 m³/m³,9.1 °C
L010,2/8/16 15:17,5TM Moisture/Temp,0.216 m³/m³,8.8 °C
L010,2/16/16 13:40,5TM Moisture/Temp,0.220 m³/m³,9.4 °C
L010,2/22/16 4:05,5TM Moisture/Temp,0.225 m³/m³,9.6 °C
L010,2/29/16 3:38,5TM Moisture/Temp,0.218 m³/m³,9.8 °C
L010,3/21/16 3:28,5TM Moisture/Temp,0.231 m³/m³,10.2 °C
L010,3/28/16 13:08,5TM Moisture/Temp,0.227 m³/m³,10.6 °C
L010,4/4/16 13:30,5TM Moisture/Temp,0.222 m³/m³,11.5 °C
L010,4/11/16 12:48,5TM Moisture/Temp,0.219 m³/m³,12.6 °C
L010,4/18/16 12:13,5TM Moisture/Temp,0.216 m³/m³,12.9 °C
L010,5/2/16 13:52,5TM Moisture/Temp,0.233 m³/m³,14.1 °C
L010,5/9/16 12:55,5TM Moisture/Temp,0.228 m³/m³,15.1 °C
L010,5/16/16 12:24,5TM Moisture/Temp,0.237 m³/m³,16.6 °C
L010,5/23/16 10:23,5TM Moisture/Temp,0.345 m³/m³,16.2 °C
L010,5/23/16 11:44,5TM Moisture/Temp,0.229 m³/m³,16.3 °C
L010,5/31/16 14:28,5TM Moisture/Temp,0.222 m³/m³,16.5 °C
L010,6/6/16 13:30,5TM Moisture/Temp,0.216 m³/m³,17.8 °C
L010,6/13/16 2:48,5TM Moisture/Temp,0.209 m³/m³,18.9 °C
L010,6/20/16 1:08,5TM Moisture/Temp,0.233 m³/m³,18.2 °C
L010,6/27/16 2:10,5TM Moisture/Temp,0.206 m³/m³,18.4 °C
L010,7/5/16 1:00,5TM Moisture/Temp,0.178 m³/m³,19.4 °C
L010,7/11/16 1:38,5TM Moisture/Temp,0.172 m³/m³,19.6 °C
L010,7/18/16 0:32,5TM Moisture/Temp,0.168 m³/m³,19.4 °C
L010,7/25/16 0:40,5TM Moisture/Temp,0.163 m³/m³,19.5 °C
L010,8/1/16 22:07,5TM Moisture/Temp,0.157 m³/m³,20.2 °C
L010,8/8/16 23:23,5TM Moisture/Temp,0.153 m³/m³,20.3 °C
L010,8/16/16 1:13,5TM Moisture/Temp,0.150 m³/m³,20.2 °C
L010,8/22/16 23:58,5TM Moisture/Temp,0.147 m³/m³,20.7 °C
L010,8/30/16 0:33,5TM Moisture/Temp,0.144 m³/m³,20.7 °C
L010,9/7/16 1:39,5TM Moisture/Temp,0.141 m³/m³,20.1 °C
L010,9/13/16 1:24,5TM Moisture/Temp,0.139 m³/m³,19.5 °C
L010,9/20/16 0:18,5TM Moisture/Temp,0.137 m³/m³,19.0 °C
L010,10/4/16 0:25,5TM Moisture/Temp,0.133 m³/m³,17.6 °C
L010,10/11/16 0:39,5TM Moisture/Temp,0.134 m³/m³,16.7 °C
L010,10/17/16 7:59,5TM Moisture/Temp,0.179 m³/m³,16.0 °C
L010,10/24/16 7:40,5TM Moisture/Temp,0.213 m³/m³,15.0 °C
L010,10/31/16 9:06,5TM Moisture/Temp,0.229 m³/m³,14.5 °C
L010,11/7/16 9:27,5TM Moisture/Temp,0.223 m³/m³,14.1 °C
L010,11/14/16 9:25,5TM Moisture/Temp,0.215 m³/m³,13.7 °C
L010,11/21/16 8:31,5TM Moisture/Temp,0.220 m³/m³,13.1 °C
L010,11/28/16 9:01,5TM Moisture/Temp,0.226 m³/m³,12.1 °C
L010,12/5/16 9:40,5TM Moisture/Temp,0.230 m³/m³,11.2 °C
L010,12/12/16 8:49,5TM Moisture/Temp,0.237 m³/m³,9.7 °C
L010,12/19/16 8:39,5TM Moisture/Temp,0.228 m³/m³,8.5 °C
L010,1/3/17 8:24,5TM Moisture/Temp,0.230 m³/m³,7.2 °C
L010,1/9/17 11:09,5TM Moisture/Temp,0.248 m³/m³,5.6 °C
L010,1/17/17 8:52,5TM Moisture/Temp,0.225 m³/m³,5.0 °C
L010,1/23/17 8:13,5TM Moisture/Temp,0.236 m³/m³,4.9 °C
L010,1/30/17 7:42,5TM Moisture/Temp,0.225 m³/m³,5.5 °C
L010,2/6/17 9:50,5TM Moisture/Temp,0.239 m³/m³,5.5 °C
L010,2/13/17 9:34,5TM Moisture/Temp,0.230 m³/m³,6.4 °C
L010,2/27/17 9:05,5TM Moisture/Temp,0.234 m³/m³,7.0 °C
L010,3/6/17 14:10,5TM Moisture/Temp,0.244 m³/m³,6.9 °C
L010,3/13/17 13:34,5TM Moisture/Temp,0.232 m³/m³,7.5 °C
L010,3/20/17 12:39,5TM Moisture/Temp,0.236 m³/m³,8.5 °C
L010,3/27/17 12:28,5TM Moisture/Temp,0.235 m³/m³,8.9 °C
L010,4/3/17 12:15,5TM Moisture/Temp,0.226 m³/m³,9.2 °C
L010,4/10/17 12:28,5TM Moisture/Temp,0.222 m³/m³,9.6 °C
L010,4/17/17 11:16,5TM Moisture/Temp,0.226 m³/m³,9.7 °C
L010,4/24/17 12:10,5TM Moisture/Temp,0.222 m³/m³,10.2 °C
L010,5/1/17 13:37,5TM Moisture/Temp,0.219 m³/m³,10.5 °C
L010,5/8/17 13:23,5TM Moisture/Temp,0.219 m³/m³,11.5 °C
L010,5/22/17 12:38,5TM Moisture/Temp,0.211 m³/m³,12.2 °C
L010,5/30/17 12:53,5TM Moisture/Temp,0.210 m³/m³,13.7 °C
L010,6/5/17 13:21,5TM Moisture/Temp,0.208 m³/m³,14.5 °C
L010,6/12/17 13:21,5TM Moisture/Temp,0.207 m³/m³,14.9 °C
L010,6/19/17 11:57,5TM Moisture/Temp,0.206 m³/m³,14.9 °C
L010,6/26/17 12:15,5TM Moisture/Temp,0.206 m³/m³,16.0 °C
L010,7/3/17 12:08,5TM Moisture/Temp,0.204 m³/m³,17.1 °C
L010,7/10/17 12:46,5TM Moisture/Temp,0.200 m³/m³,17.9 °C
L010,7/17/17 12:50,5TM Moisture/Temp,0.196 m³/m³,18.5 °C
L010,7/24/17 11:43,5TM Moisture/Temp,0.193 m³/m³,18.9 °C
L010,7/31/17 13:28,5TM Moisture/Temp,0.188 m³/m³,19.7 °C
L010,8/7/17 13:40,5TM Moisture/Temp,0.184 m³/m³,20.2 °C
L010,8/14/17 11:38,5TM Moisture/Temp,0.180 m³/m³,20.7 °C
L010,8/22/2017 12:24 PM,5TM Moisture/Temp,0.174 m³/m³,20.0 °C
L010,8/28/2017 8:36 AM,5TM Moisture/Temp,0.169 m³/m³,19.9 °C
L010,9/5/2017 12:33 PM,5TM Moisture/Temp,0.162 m³/m³,19.9 °C
L010,9/11/2017 1:05 PM,5TM Moisture/Temp,0.160 m³/m³,20.0 °C
L010,9/18/2017 1:00 PM,5TM Moisture/Temp,0.156 m³/m³,19.5 °C
L010,10/2/2017 12:08 PM,5TM Moisture/Temp,0.154 m³/m³,17.3 °C
L010,10/10/2017 1:40 PM,5TM Moisture/Temp,0.153 m³/m³,16.0 °C
L010,10/16/2017 1:04 PM,5TM Moisture/Temp,0.153 m³/m³,15.0 °C
L010,10/23/2017 1:24 PM,5TM Moisture/Temp,0.154 m³/m³,14.2 °C
L010,10/30/2017 3:14 AM,5TM Moisture/Temp,0.154 m³/m³,13.9 °C
L010,11/6/2017 4:07 AM,5TM Moisture/Temp,0.155 m³/m³,13.1 °C
L010,11/13/2017 4:19 AM,5TM Moisture/Temp,0.194 m³/m³,11.9 °C
L010,11/13/2017 8:29 AM,5TM Moisture/Temp,0.201 m³/m³,11.4 °C
L010,11/20/2017 8:36 AM,5TM Moisture/Temp,0.204 m³/m³,11.4 °C
L010,11/27/2017 9:09 AM,5TM Moisture/Temp,0.202 m³/m³,10.7 °C
L010,12/4/2017 9:03 AM,5TM Moisture/Temp,0.201 m³/m³,9.2 °C
L010,12/11/2017 7:35 AM,5TM Moisture/Temp,0.198 m³/m³,7.5 °C
L013,12/15/14 12:45,5TM Moisture/Temp,0.402 m³/m³,11.3 °C
L013,12/29/14 12:45,5TM Moisture/Temp,0.418 m³/m³,11.0 °C
L013,1/5/15 13:19,5TM Moisture/Temp,0.413 m³/m³,9.8 °C
L013,1/12/15 11:44,5TM Moisture/Temp,0.414 m³/m³,9.5 °C
L013,1/20/15 11:58,5TM Moisture/Temp,0.418 m³/m³,9.5 °C
L013,1/26/15 11:22,5TM Moisture/Temp,0.418 m³/m³,9.6 °C
L013,2/2/15 11:20,5TM Moisture/Temp,0.424 m³/m³,9.9 °C
L013,2/10/15 11:56,5TM Moisture/Temp,0.427 m³/m³,10.3 °C
L013,2/17/15 10:30,5TM Moisture/Temp,0.424 m³/m³,10.5 °C
L013,2/23/15 11:17,5TM Moisture/Temp,0.424 m³/m³,10.5 °C
L013,3/2/15 10:48,5TM Moisture/Temp,0.424 m³/m³,10.0 °C
L013,3/9/15 11:07,5TM Moisture/Temp,0.424 m³/m³,10.0 °C
L013,3/16/15 10:27,5TM Moisture/Temp,0.429 m³/m³,10.7 °C
L013,3/23/15 10:36,5TM Moisture/Temp,0.434 m³/m³,11.2 °C
L013,3/30/15 10:30,5TM Moisture/Temp,0.433 m³/m³,11.5 °C
L013,4/6/15 10:54,5TM Moisture/Temp,0.433 m³/m³,11.8 °C
L013,4/13/15 11:29,5TM Moisture/Temp,0.433 m³/m³,11.7 °C
L013,4/20/15 10:10,5TM Moisture/Temp,0.424 m³/m³,11.8 °C
L013,4/27/15 8:37,5TM Moisture/Temp,0.433 m³/m³,12.4 °C
L013,5/4/15 10:28,5TM Moisture/Temp,0.435 m³/m³,12.9 °C
L013,5/11/15 10:17,5TM Moisture/Temp,0.439 m³/m³,13.4 °C
L013,5/18/15 11:43,5TM Moisture/Temp,0.442 m³/m³,13.7 °C
L013,5/26/15 9:56,EC-5 Soil Moisture,0.599 m³/m³,
L014,12/22/14 11:21,5TM Moisture/Temp,0.377 m³/m³,10.6 °C
L014,12/29/14 12:52,5TM Moisture/Temp,0.387 m³/m³,10.3 °C
L014,1/5/15 14:23,5TM Moisture/Temp,0.385 m³/m³,9.0 °C
L015,12/5/14 11:15,5TM Moisture/Temp,0.319 m³/m³,10.8 °C
L015,12/8/14 9:48,5TM Moisture/Temp,0.326 m³/m³,10.8 °C
L015,12/15/14 9:07,5TM Moisture/Temp,0.326 m³/m³,11.1 °C
L015,12/22/14 9:26,5TM Moisture/Temp,0.386 m³/m³,10.6 °C
L015,12/29/14 10:45,5TM Moisture/Temp,0.394 m³/m³,10.8 °C
L015,1/5/15 9:15,5TM Moisture/Temp,0.336 m³/m³,9.3 °C
L015,1/12/15 9:26,5TM Moisture/Temp,0.331 m³/m³,9.2 °C
L015,1/20/15 9:16,5TM Moisture/Temp,0.339 m³/m³,9.6 °C
L015,1/26/15 10:02,5TM Moisture/Temp,0.332 m³/m³,9.6 °C
L015,2/2/15 9:43,5TM Moisture/Temp,0.329 m³/m³,10.0 °C
L015,2/10/15 8:57,5TM Moisture/Temp,0.350 m³/m³,10.5 °C
L015,2/17/15 8:17,5TM Moisture/Temp,0.335 m³/m³,10.5 °C
L015,2/23/15 9:09,5TM Moisture/Temp,0.332 m³/m³,10.4 °C
L015,3/2/15 9:12,5TM Moisture/Temp,0.328 m³/m³,10.0 °C
L015,3/9/15 8:23,5TM Moisture/Temp,0.326 m³/m³,9.9 °C
L015,3/16/15 8:03,5TM Moisture/Temp,0.341 m³/m³,10.8 °C
L015,3/23/15 8:34,5TM Moisture/Temp,0.345 m³/m³,11.3 °C
L015,3/30/15 8:50,5TM Moisture/Temp,0.335 m³/m³,11.9 °C
L015,4/6/15 8:16,5TM Moisture/Temp,0.331 m³/m³,12.2 °C
L015,4/20/15 8:16,5TM Moisture/Temp,0.330 m³/m³,12.3 °C
L015,4/27/15 7:08,5TM Moisture/Temp,0.327 m³/m³,12.8 °C
L015,5/4/15 7:58,5TM Moisture/Temp,0.325 m³/m³,13.5 °C
L015,4/13/15 9:27,5TM Moisture/Temp,0.330 m³/m³,12.0 °C
L015,5/11/15 7:50,5TM Moisture/Temp,0.325 m³/m³,14.1 °C
L015,5/18/15 13:36,5TM Moisture/Temp,0.323 m³/m³,14.3 °C
L015,5/26/15 7:57,5TM Moisture/Temp,0.319 m³/m³,14.7 °C
L015,6/8/15 7:58,5TM Moisture/Temp,0.310 m³/m³,15.6 °C
L015,6/15/15 8:31,5TM Moisture/Temp,0.297 m³/m³,16.7 °C
L015,7/6/15 8:14,5TM Moisture/Temp,0.229 m³/m³,21.5 °C
L015,8/31/2015 8:37 AM,5TM Moisture/Temp,0.218 m³/m³,21.3 °C
L015,11/9/2015 9:35 AM,5TM Moisture/Temp,0.201 m³/m³,14.7 °C
L015,3/21/2016 12:19 AM,5TM Moisture/Temp,0.258 m³/m³,9.9 °C
L015,4/18/2016 9:17 AM,5TM Moisture/Temp,0.244 m³/m³,12.4 °C
L015,4/18/2016 9:17 AM,5TM Moisture/Temp,0.244 m³/m³,12.4 °C
L015,7/24/2016 9:30 PM,5TM Moisture/Temp,0.185 m³/m³,19.1 °C
L015,1/17/2017 5:35 AM,5TM Moisture/Temp,0.245 m³/m³,6.2 °C
L015,1/23/2017 5:38 AM,5TM Moisture/Temp,0.251 m³/m³,6.5 °C
L016,1/7/15 12:28,5TM Moisture/Temp,0.198 m³/m³,9.2 °C
L016,1/12/15 13:05,5TM Moisture/Temp,0.253 m³/m³,9.5 °C
L016,1/20/15 14:22,5TM Moisture/Temp,0.433 m³/m³,9.5 °C
L016,1/26/15 12:21,5TM Moisture/Temp,0.313 m³/m³,9.8 °C
L016,2/2/15 12:19,5TM Moisture/Temp,0.475 m³/m³,10.2 °C
L016,2/10/15 13:56,5TM Moisture/Temp,0.433 m³/m³,10.9 °C
L016,2/17/15 11:55,5TM Moisture/Temp,0.315 m³/m³,11.0 °C
L016,2/23/15 12:53,5TM Moisture/Temp,0.310 m³/m³,10.9 °C
L016,3/2/15 12:12,5TM Moisture/Temp,0.390 m³/m³,10.6 °C
L016,3/9/15 13:12,5TM Moisture/Temp,0.311 m³/m³,10.4 °C
L016,3/16/15 12:14,5TM Moisture/Temp,0.494 m³/m³,11.5 °C
L016,3/23/15 11:54,5TM Moisture/Temp,0.342 m³/m³,11.8 °C
L016,3/30/15 11:30,5TM Moisture/Temp,0.315 m³/m³,12.2 °C
L016,4/6/15 12:35,5TM Moisture/Temp,0.313 m³/m³,12.2 °C
L016,4/13/15 13:02,5TM Moisture/Temp,0.312 m³/m³,12.0 °C
L016,4/20/15 11:32,5TM Moisture/Temp,0.311 m³/m³,12.3 °C
L016,4/27/15 9:33,5TM Moisture/Temp,0.308 m³/m³,12.8 °C
L016,5/4/15 12:10,5TM Moisture/Temp,0.305 m³/m³,13.4 °C
L016,5/11/15 11:54,5TM Moisture/Temp,0.303 m³/m³,13.9 °C
L016,5/18/15 9:56,5TM Moisture/Temp,0.301 m³/m³,14.3 °C
L016,5/26/15 10:38,5TM Moisture/Temp,0.298 m³/m³,15.0 °C
L016,6/8/15 11:51,5TM Moisture/Temp,0.287 m³/m³,16.3 °C
L016,6/15/15 13:41,5TM Moisture/Temp,0.238 m³/m³,17.1 °C
L016,6/22/15 11:07,5TM Moisture/Temp,0.206 m³/m³,17.4 °C
L016,6/29/15 10:59,5TM Moisture/Temp,0.206 m³/m³,18.2 °C
L016,7/6/15 11:12,5TM Moisture/Temp,0.198 m³/m³,18.9 °C
L016,7/13/15 11:17,5TM Moisture/Temp,0.198 m³/m³,19.0 °C
L016,7/16/15 9:39,5TM Moisture/Temp,0.197 m³/m³,18.8 °C
L016,7/27/15 9:40,5TM Moisture/Temp,0.184 m³/m³,18.7 °C
L016,8/3/15 10:34,5TM Moisture/Temp,0.161 m³/m³,19.0 °C
L016,8/10/15 11:15,5TM Moisture/Temp,0.156 m³/m³,19.7 °C
L016,8/17/15 11:01,5TM Moisture/Temp,0.161 m³/m³,20.4 °C
L016,8/24/15 10:19,5TM Moisture/Temp,0.170 m³/m³,20.7 °C
L016,8/31/15 10:21,5TM Moisture/Temp,0.172 m³/m³,20.5 °C
L016,9/8/15 11:19,5TM Moisture/Temp,0.287 m³/m³,19.6 °C
L016,9/14/15 10:39,5TM Moisture/Temp,0.294 m³/m³,19.8 °C
L016,9/21/15 8:51,5TM Moisture/Temp,0.284 m³/m³,19.1 °C
L016,9/28/15 11:50,5TM Moisture/Temp,0.273 m³/m³,18.8 °C
L016,10/5/15 13:12,5TM Moisture/Temp,0.283 m³/m³,18.1 °C
L016,10/13/15 13:43,5TM Moisture/Temp,0.276 m³/m³,17.8 °C
L016,10/19/15 12:12,5TM Moisture/Temp,0.274 m³/m³,17.4 °C
L016,10/26/15 11:32,5TM Moisture/Temp,0.272 m³/m³,16.8 °C
L016,11/3/15 14:14,5TM Moisture/Temp,0.329 m³/m³,16.1 °C
L016,11/9/15 9:35,5TM Moisture/Temp,0.201 m³/m³,14.7 °C
L016,11/9/15 13:00,5TM Moisture/Temp,0.334 m³/m³,15.1 °C
L016,11/13/15 12:13,5TM Moisture/Temp,0.305 m³/m³,14.4 °C
L016,11/28/15 14:31,5TM Moisture/Temp,0.298 m³/m³,12.1 °C
L016,12/7/15 13:59,5TM Moisture/Temp,0.484 m³/m³,10.1 °C
L016,12/14/15 14:40,5TM Moisture/Temp,0.484 m³/m³,10.9 °C
L016,12/21/15 13:25,5TM Moisture/Temp,0.484 m³/m³,10.2 °C
L016,12/28/15 12:32,5TM Moisture/Temp,0.494 m³/m³,9.4 °C
L016,1/6/16 12:05,5TM Moisture/Temp,0.316 m³/m³,8.2 °C
L016,1/11/16 13:38,5TM Moisture/Temp,0.311 m³/m³,8.3 °C
L016,1/25/16 11:54,5TM Moisture/Temp,0.320 m³/m³,9.3 °C
L016,2/8/16 14:46,5TM Moisture/Temp,0.316 m³/m³,9.6 °C
L016,2/16/16 12:59,5TM Moisture/Temp,0.325 m³/m³,10.2 °C
L016,2/22/16 3:37,5TM Moisture/Temp,0.328 m³/m³,10.3 °C
L016,2/29/16 3:14,5TM Moisture/Temp,0.319 m³/m³,10.4 °C
L016,3/7/16 4:49,5TM Moisture/Temp,0.428 m³/m³,10.7 °C
L016,3/21/16 0:19,5TM Moisture/Temp,0.258 m³/m³,9.9 °C
L016,3/21/16 3:00,5TM Moisture/Temp,0.424 m³/m³,11.0 °C
L016,4/11/16 12:05,5TM Moisture/Temp,0.322 m³/m³,13.0 °C
L016,4/18/16 11:42,5TM Moisture/Temp,0.324 m³/m³,13.1 °C
L016,5/2/16 13:06,5TM Moisture/Temp,0.319 m³/m³,13.8 °C
L016,5/9/16 12:05,5TM Moisture/Temp,0.315 m³/m³,14.6 °C
L016,5/16/16 11:54,5TM Moisture/Temp,0.314 m³/m³,15.2 °C
L016,5/23/16 11:17,5TM Moisture/Temp,0.311 m³/m³,15.1 °C
L016,6/6/16 13:05,5TM Moisture/Temp,0.306 m³/m³,16.0 °C
L016,6/13/16 2:10,5TM Moisture/Temp,0.299 m³/m³,16.7 °C
L016,6/20/16 0:41,5TM Moisture/Temp,0.313 m³/m³,16.2 °C
L016,6/27/16 1:44,5TM Moisture/Temp,0.301 m³/m³,16.4 °C
L016,7/5/16 0:29,5TM Moisture/Temp,0.241 m³/m³,17.1 °C
L016,7/11/16 0:55,5TM Moisture/Temp,0.236 m³/m³,17.3 °C
L016,7/24/16 21:30,5TM Moisture/Temp,0.185 m³/m³,19.1 °C
L016,7/25/16 0:02,5TM Moisture/Temp,0.216 m³/m³,17.3 °C
L016,8/1/16 22:38,5TM Moisture/Temp,0.200 m³/m³,17.8 °C
L016,8/15/16 23:41,5TM Moisture/Temp,0.181 m³/m³,18.2 °C
L016,8/22/16 23:34,5TM Moisture/Temp,0.170 m³/m³,19.3 °C
L016,9/7/16 1:06,5TM Moisture/Temp,0.188 m³/m³,19.7 °C
L016,9/13/16 0:41,5TM Moisture/Temp,0.189 m³/m³,19.6 °C
L016,9/19/16 23:45,5TM Moisture/Temp,0.291 m³/m³,19.4 °C
L016,10/3/16 23:57,5TM Moisture/Temp,0.288 m³/m³,18.2 °C
L016,10/11/16 0:04,5TM Moisture/Temp,0.311 m³/m³,17.2 °C
L016,10/17/16 7:17,5TM Moisture/Temp,0.475 m³/m³,14.5 °C
L016,10/24/16 7:09,5TM Moisture/Temp,0.322 m³/m³,15.0 °C
L016,10/31/16 8:36,5TM Moisture/Temp,0.382 m³/m³,14.4 °C
L016,11/7/16 8:57,5TM Moisture/Temp,0.329 m³/m³,14.2 °C
L016,11/14/16 8:36,5TM Moisture/Temp,0.461 m³/m³,14.1 °C
L016,11/21/16 8:00,5TM Moisture/Temp,0.373 m³/m³,13.2 °C
L016,11/28/16 8:35,5TM Moisture/Temp,0.357 m³/m³,12.1 °C
L016,12/5/16 9:10,5TM Moisture/Temp,0.337 m³/m³,11.3 °C
L016,12/12/16 8:05,5TM Moisture/Temp,0.386 m³/m³,9.5 °C
L016,12/19/16 8:10,5TM Moisture/Temp,0.319 m³/m³,8.7 °C
L016,1/3/17 7:56,5TM Moisture/Temp,0.369 m³/m³,8.0 °C
L016,1/9/17 10:39,5TM Moisture/Temp,0.448 m³/m³,3.7 °C
L016,1/17/17 5:35,5TM Moisture/Temp,0.245 m³/m³,6.2 °C
L016,1/23/17 5:38,5TM Moisture/Temp,0.251 m³/m³,6.5 °C
L016,1/30/17 7:15,5TM Moisture/Temp,0.320 m³/m³,7.4 °C
L016,2/6/17 9:24,5TM Moisture/Temp,0.457 m³/m³,7.3 °C
L016,2/13/17 8:56,5TM Moisture/Temp,0.346 m³/m³,8.4 °C
L016,2/27/17 8:27,5TM Moisture/Temp,0.377 m³/m³,8.2 °C
L016,3/6/17 13:41,5TM Moisture/Temp,0.444 m³/m³,6.8 °C
L016,3/13/17 13:01,5TM Moisture/Temp,0.363 m³/m³,8.8 °C
L016,3/27/17 11:57,5TM Moisture/Temp,0.461 m³/m³,10.1 °C
L016,4/3/17 11:47,5TM Moisture/Temp,0.348 m³/m³,10.4 °C
L016,4/10/17 11:46,5TM Moisture/Temp,0.365 m³/m³,10.9 °C
L016,4/17/17 10:42,5TM Moisture/Temp,0.361 m³/m³,10.9 °C
L016,4/24/17 11:47,5TM Moisture/Temp,0.460 m³/m³,11.5 °C
L016,5/1/17 13:05,5TM Moisture/Temp,0.348 m³/m³,11.7 °C
L016,5/8/17 12:36,5TM Moisture/Temp,0.342 m³/m³,12.7 °C
L016,5/22/17 12:03,5TM Moisture/Temp,0.332 m³/m³,13.3 °C
L016,5/30/17 12:23,5TM Moisture/Temp,0.327 m³/m³,15.0 °C
L016,6/5/17 12:51,5TM Moisture/Temp,0.318 m³/m³,15.6 °C
L016,6/12/17 12:36,5TM Moisture/Temp,0.346 m³/m³,15.8 °C
L016,6/26/17 11:35,5TM Moisture/Temp,0.313 m³/m³,16.7 °C
L016,7/3/17 11:40,5TM Moisture/Temp,0.267 m³/m³,17.6 °C
L016,7/10/17 12:12,5TM Moisture/Temp,0.212 m³/m³,18.7 °C
L016,7/17/17 12:21,5TM Moisture/Temp,0.190 m³/m³,19.6 °C
L016,7/24/17 11:13,5TM Moisture/Temp,0.174 m³/m³,19.9 °C
L016,7/31/17 12:58,5TM Moisture/Temp,0.164 m³/m³,21.1 °C
L016,8/7/17 13:15,5TM Moisture/Temp,0.156 m³/m³,22.0 °C
L016,8/14/17 11:06,5TM Moisture/Temp,0.154 m³/m³,22.3 °C
L016,8/22/17 12:00,5TM Moisture/Temp,0.153 m³/m³,21.6 °C
L016,8/28/17 10:02,5TM Moisture/Temp,0.152 m³/m³,21.6 °C
L016,9/5/17 12:10,5TM Moisture/Temp,0.149 m³/m³,21.9 °C
L016,9/11/17 12:37,5TM Moisture/Temp,0.149 m³/m³,21.7 °C
L016,9/18/17 11:25,5TM Moisture/Temp,0.147 m³/m³,21.2 °C
L016,10/2/17 11:39,5TM Moisture/Temp,0.145 m³/m³,19.0 °C
L016,10/10/17 13:16,5TM Moisture/Temp,0.144 m³/m³,17.7 °C
L016,10/16/17 12:13,5TM Moisture/Temp,0.142 m³/m³,16.4 °C
L016,10/23/17 12:55,5TM Moisture/Temp,0.298 m³/m³,15.5 °C
L016,10/30/17 2:42,5TM Moisture/Temp,0.282 m³/m³,15.3 °C
L016,11/6/17 3:29,5TM Moisture/Temp,0.324 m³/m³,14.1 °C
L016,11/13/17 3:44,5TM Moisture/Temp,0.389 m³/m³,12.8 °C
L016,11/13/17 7:53,5TM Moisture/Temp,0.437 m³/m³,12.1 °C
L016,11/20/17 8:09,5TM Moisture/Temp,0.314 m³/m³,12.4 °C
L016,11/27/17 8:39,5TM Moisture/Temp,0.309 m³/m³,11.6 °C
L016,12/4/17 8:27,5TM Moisture/Temp,0.295 m³/m³,10.1 °C
L016,12/11/17 7:01,5TM Moisture/Temp,0.292 m³/m³,8.7 °C
